Willa,Block,4dY8qxF6r_d5vj8,Lottie_Donnelly25@hotmail.com,Tue Apr 25 1961 14:20:25 GMT+0300 (Eastern European Summer Time)
Carole,Swaniawski,adtioW3aZ8tBH9U,Urban27@yahoo.com,Fri Feb 19 1954 04:40:38 GMT+0300 (Eastern European Standard Time)
Annie,Bernhard,KLJkFA33PZX8m4O,Juliana_Christiansen@hotmail.com,Wed Apr 23 1997 22:20:35 GMT+0300 (Eastern European Summer Time)
Fiona,Ondricka,QeeI9wfBVvlPj66,Koby43@gmail.com,Tue Dec 18 1979 06:18:16 GMT+0300 (Eastern European Standard Time)
Reid,Luettgen,ADmfHTIIMV69bdv,Fred_Pacocha@hotmail.com,Wed Oct 30 1974 22:06:12 GMT+0300 (Eastern European Standard Time)
Adolph,Ondricka,lanpMShF5Wxex98,Lilyan_Jaskolski59@gmail.com,Thu Aug 06 1959 01:45:53 GMT+0300 (Eastern European Summer Time)
Katrine,Emmerich,DZs0UaakS2HrtWi,Jordon.Legros@hotmail.com,Tue Dec 20 1966 04:48:40 GMT+0300 (Eastern European Standard Time)
Gussie,Cummings,gsHQLxuIZHni7rW,Kellen29@hotmail.com,Wed Jun 08 1994 08:45:47 GMT+0300 (Eastern European Summer Time)
Elwin,Weimann,Dwj3h9Kf79HtyjR,Santiago_Reinger@gmail.com,Mon Oct 30 1978 12:00:44 GMT+0300 (Eastern European Standard Time)
Fred,Daniel,8pRkHgQrzdMQ8mC,Jakayla_Rippin56@yahoo.com,Wed May 20 1964 19:27:10 GMT+0300 (Eastern European Summer Time)
Braden,O'Reilly,qeNBxRQ30d9mnCn,Cristopher.Schuster@hotmail.com,Fri Feb 25 1955 01:38:54 GMT+0300 (Eastern European Standard Time)
Vance,Schroeder,p6fH759Ud543ATk,Kyla_Welch@hotmail.com,Sun Nov 16 1947 20:51:58 GMT+0300 (Eastern European Standard Time)
Georgiana,Runte,xDoBVUdBEecFdy0,Xzavier66@yahoo.com,Sun May 01 1977 11:59:00 GMT+0300 (Eastern European Standard Time)
Stone,Will,5HfpwmCmVQHqEmM,Clotilde.Shanahan4@hotmail.com,Sun Aug 12 1973 16:57:06 GMT+0300 (Eastern European Standard Time)
Ola,Cummings,o2RPqYBT5AB9CEX,Ruben.Bailey8@yahoo.com,Thu Feb 29 1968 04:24:03 GMT+0300 (Eastern European Standard Time)
Ignatius,Hammes,wh2Joa3rey4JfEI,Briana_Bergnaum75@hotmail.com,Mon Aug 29 1960 23:11:45 GMT+0300 (Eastern European Summer Time)
Damaris,Lemke,Vh8W52IQ3CvKB7b,Opal.Funk@hotmail.com,Sat Mar 01 1947 16:16:42 GMT+0300 (Eastern European Standard Time)
Lemuel,Maggio,N_CuqqWXLV0RH9B,Margarette_Crooks64@hotmail.com,Mon Jan 24 1949 01:10:51 GMT+0300 (Eastern European Standard Time)
Addison,Heaney,iiQ9dB_T6ZbEnvG,Felipe52@yahoo.com,Tue Aug 14 1979 14:07:38 GMT+0300 (Eastern European Standard Time)
Caleigh,Kovacek,zJYtjwZ0nT6AIgL,Devon.Gerhold@gmail.com,Mon May 05 1947 10:36:21 GMT+0300 (Eastern European Summer Time)
Kurtis,O'Hara,bJUoWyqoqBjgkqE,Francis42@gmail.com,Sun Dec 27 1987 20:22:19 GMT+0300 (Eastern European Standard Time)
Ross,Schroeder,iMGlw4SLq5bZYBG,Francisca13@gmail.com,Sat Mar 16 1957 23:12:52 GMT+0300 (Eastern European Standard Time)
Cordell,Parker,GyoXw194qwUgvPr,Uriah_Stoltenberg@hotmail.com,Sat Jan 01 1994 07:56:23 GMT+0200 (Eastern European Standard Time)
Dianna,Cassin,T6Or2cRmIdDTQGg,Polly.Hermiston50@gmail.com,Tue Nov 07 1972 07:06:10 GMT+0300 (Eastern European Standard Time)
Mina,Pouros,_O66eQh7lWcS1gl,Alexane15@yahoo.com,Wed Mar 03 1976 09:46:52 GMT+0300 (Eastern European Standard Time)
Sienna,Jacobson,_SqpnuZT0Vt0K50,Darrell_Schroeder@yahoo.com,Thu May 20 2004 11:07:26 GMT+0300 (Eastern European Summer Time)
Hassan,Keebler,J08K2o5Cg6dx_vG,Ahmad_Pfannerstill@gmail.com,Sat Jun 25 1949 07:45:11 GMT+0300 (Eastern European Summer Time)
Floyd,Feeney,NrLDXcvnrilCNH7,Melyssa_Senger@yahoo.com,Wed Jul 25 1962 07:47:41 GMT+0300 (Eastern European Summer Time)
Nadia,Bergstrom,_MbMoJKyDFYAlJD,Lafayette42@gmail.com,Tue Sep 22 1953 06:40:33 GMT+0300 (Eastern European Summer Time)
Kyra,Gorczany,0GZ0_hnCwPZcEal,Kasey59@yahoo.com,Sun Oct 23 1994 15:42:10 GMT+0200 (Eastern European Standard Time)
Rowan,Hayes,8DAep6abTRcwAPZ,Bryon.Schulist94@gmail.com,Sat Apr 17 1965 13:15:48 GMT+0300 (Eastern European Summer Time)
Bartholome,Morissette,ix54Z4cJ3riveuN,Efren.Bosco49@yahoo.com,Wed Jan 27 1971 12:01:50 GMT+0300 (Eastern European Standard Time)
Fiona,Daugherty,9HaeeAdA3Miv60O,Stanley.Hansen@hotmail.com,Tue Sep 30 1969 19:51:04 GMT+0300 (Eastern European Summer Time)
Queenie,Purdy,W6T8BuuEE0Z_a8T,Brendon_Batz52@yahoo.com,Thu Sep 05 1963 13:12:24 GMT+0300 (Eastern European Summer Time)
Kenyatta,Bogan,DxEMbGKl62emhxr,Conrad_Adams@hotmail.com,Sun Jan 05 1969 03:40:54 GMT+0300 (Eastern European Standard Time)
Era,Mayer,3ZzS9uPeaifHDQ9,Chandler.Hackett85@yahoo.com,Thu Dec 02 2004 05:33:54 GMT+0200 (Eastern European Standard Time)
Tony,Powlowski,qAWlY5zUISq0kbD,Gia33@yahoo.com,Thu May 08 1975 01:35:02 GMT+0300 (Eastern European Standard Time)
Sven,Greenholt,AcZ0R0YTatVi0c5,Forest99@yahoo.com,Mon Mar 20 1995 21:57:25 GMT+0200 (Eastern European Standard Time)
Anika,Greenfelder,K2wuKNvN0hgO0mZ,Mabelle_Kirlin@gmail.com,Fri Jul 31 1970 21:57:13 GMT+0300 (Eastern European Standard Time)
Major,Legros,4KI4rh63hWdcZq4,Rosa.Quigley30@gmail.com,Fri Nov 22 1985 10:42:53 GMT+0300 (Eastern European Standard Time)
Santino,King,Q0pBDBYW6TOnC4O,Josh_Will@gmail.com,Tue Sep 15 1981 14:25:20 GMT+0400 (Eastern European Summer Time)
Alan,Bauch,xKDEHD45hZaADdT,Rolando17@hotmail.com,Thu Aug 08 1985 20:40:23 GMT+0400 (Eastern European Summer Time)
Selena,Gerlach,430GzHQlf9p5_lz,Asa4@yahoo.com,Mon Mar 24 2003 12:18:48 GMT+0200 (Eastern European Standard Time)
Shania,Beier,hTyJn9OSCIkKhxM,Kali_Schimmel@yahoo.com,Mon Jan 31 1949 07:05:16 GMT+0300 (Eastern European Standard Time)
Else,Marquardt,NCKTxvbHX0lvag1,Jakayla39@yahoo.com,Wed Nov 19 1952 17:27:47 GMT+0300 (Eastern European Standard Time)
Zechariah,Deckow,fDwSdS893DTGeCk,Darren61@hotmail.com,Sun May 15 1966 05:55:06 GMT+0300 (Eastern European Summer Time)
Deondre,Johns,p_TkVmDmwUZg18X,Ericka_Okuneva@yahoo.com,Sun Jul 29 1990 03:17:08 GMT+0300 (Eastern European Summer Time)
Roberta,Rice,zZEglUTFV5RWxri,Raleigh.Kunde@yahoo.com,Tue Apr 16 2002 11:17:25 GMT+0200 (Eastern European Standard Time)
Emmanuelle,Sporer,PmLNUyM926xE_AW,Jerry.Cartwright71@yahoo.com,Sat Jan 01 1972 14:58:14 GMT+0300 (Eastern European Standard Time)
Vito,Ortiz,gWMEU1zv5zz7gWf,Paula.Ryan@yahoo.com,Fri Feb 26 1965 02:00:31 GMT+0300 (Eastern European Standard Time)
Tania,Crona,ZLLHI7LljiLN9UH,Humberto58@yahoo.com,Mon Dec 29 1997 11:44:07 GMT+0200 (Eastern European Standard Time)
Betty,Hansen,LUvzjImYjMkwIIP,Eliseo_Boyer@yahoo.com,Mon Nov 04 1963 11:28:56 GMT+0300 (Eastern European Standard Time)
Courtney,Schaden,oquFgqZ71nclVl7,Madison.Goldner@hotmail.com,Sat Jan 15 1994 12:07:07 GMT+0200 (Eastern European Standard Time)
Eino,West,KKWuF7HFkYIh6Ui,Devan62@hotmail.com,Thu Nov 08 1945 21:41:02 GMT+0300 (Eastern European Standard Time)
Liana,Runte,KRD3HpABE5FucQK,Shane_Cartwright13@gmail.com,Sun Apr 29 1973 02:48:28 GMT+0300 (Eastern European Standard Time)
Wilson,Thompson,I2PB_WUAfy3HoHS,Eloise_Reynolds@hotmail.com,Sat Apr 05 1969 13:22:28 GMT+0300 (Eastern European Summer Time)
Leilani,Torp,3d4rPfO1JOXGSON,Melisa_Kilback@yahoo.com,Mon Jun 09 1958 18:25:05 GMT+0300 (Eastern European Summer Time)
Shanon,Krajcik,XJrQkqCbgQzI7Iu,Krista6@yahoo.com,Thu Mar 22 1973 15:47:50 GMT+0300 (Eastern European Standard Time)
Leta,Aufderhar,wLwYz0qMqzjszQJ,Bette_Weissnat@hotmail.com,Sat Jun 20 1981 21:10:22 GMT+0400 (Eastern European Summer Time)
Ethyl,O'Hara,5fKKOAGHuxi072c,Jaime.Leffler7@yahoo.com,Mon Mar 12 1984 19:23:37 GMT+0300 (Eastern European Standard Time)
Percy,O'Kon,wxzwQTOdvLitUjU,Stanley_Hodkiewicz14@gmail.com,Sat Jan 03 1976 06:28:44 GMT+0300 (Eastern European Standard Time)
Eugenia,Stiedemann,5Prfouy71Vdds2V,Joesph_Balistreri85@hotmail.com,Tue Jun 16 1987 08:04:21 GMT+0400 (Eastern European Summer Time)
Otilia,Lesch,lmNEdmqPSZ4KExn,Kianna_Cummings@hotmail.com,Sun Jul 09 1989 02:49:42 GMT+0300 (Eastern European Summer Time)
Dedrick,Reynolds,7muEHYt1QHTUNjY,Ariane.Kassulke16@hotmail.com,Thu Aug 21 1986 21:58:00 GMT+0400 (Eastern European Summer Time)
Sierra,Gaylord,A8CDXHnjg1IoRZP,Rollin.Boyle@hotmail.com,Sat Feb 22 1975 20:35:49 GMT+0300 (Eastern European Standard Time)
Sherman,Fisher,4N03vW7FU8pGAt2,Alberta_Christiansen@hotmail.com,Sat Jun 08 1963 05:36:06 GMT+0300 (Eastern European Summer Time)
Henriette,Prosacco,SsSLzsORg6eRByG,Jerad.Lowe@yahoo.com,Sun Apr 24 1994 13:18:21 GMT+0300 (Eastern European Summer Time)
Winfield,Harber,Zp3c5IesapjjGbG,Jacinto2@hotmail.com,Sat Nov 24 1962 03:31:28 GMT+0300 (Eastern European Standard Time)
Estrella,Cruickshank,gwGkWy2AMLyJiz7,Vidal_Breitenberg@yahoo.com,Sat Jul 14 2001 17:01:38 GMT+0200 (Eastern European Standard Time)
Amber,Howell,wUTXKKxC2AqlY86,Jessie.Lowe62@gmail.com,Sat Mar 31 1973 00:33:10 GMT+0300 (Eastern European Standard Time)
Queen,Hickle,hSjnQ9UiVP1ASxH,Braulio66@hotmail.com,Wed Nov 02 1966 00:11:38 GMT+0300 (Eastern European Standard Time)
Giovanna,Carroll,zqnpiEPkqElSvl8,Lucinda.Kautzer38@yahoo.com,Thu May 01 2003 09:26:39 GMT+0300 (Eastern European Summer Time)
Malika,Grimes,aJ2KgRdSzc5ur6u,Jaclyn92@gmail.com,Tue Mar 15 1949 22:58:22 GMT+0300 (Eastern European Standard Time)
Claire,Walsh,YZA6FHAYmXB6CCc,Margaretta_Ryan@hotmail.com,Mon Jan 18 1982 10:49:06 GMT+0300 (Eastern European Standard Time)
Modesto,Dietrich,uftpQhFXfOvdHEB,Darrion.Kertzmann@gmail.com,Tue May 03 1949 09:31:02 GMT+0300 (Eastern European Summer Time)
Vella,Renner,CN9ZeBxjN3hFhYe,Jerrell_Macejkovic@hotmail.com,Mon Apr 18 1988 09:08:25 GMT+0400 (Eastern European Summer Time)
Abdul,Hickle,a6Pugyq5ZjJ2GNS,Kaia40@hotmail.com,Sat Oct 27 1962 21:05:16 GMT+0300 (Eastern European Summer Time)
Juston,Barrows,Xc2G9BTvCV_YARn,Maureen3@yahoo.com,Wed Apr 30 1952 17:38:01 GMT+0300 (Eastern European Summer Time)
Ambrose,Hintz,Evbc5RrnAZE6nEi,Amira_White81@yahoo.com,Sat Jan 23 1999 22:15:24 GMT+0100 (Eastern European Standard Time)
Jefferey,Predovic,SlX3y1jo9WK6ess,Zachary_Bradtke@yahoo.com,Wed Jan 11 1950 14:00:26 GMT+0300 (Eastern European Standard Time)
Deontae,Quigley,pTIgjvbiSR_YtSI,Telly_Crist@yahoo.com,Sun Jul 16 1967 21:27:49 GMT+0300 (Eastern European Summer Time)
Emilie,Miller,Jag9pofF4O8Pzqf,Lavon94@hotmail.com,Fri Jan 09 1959 05:36:03 GMT+0300 (Eastern European Standard Time)
Thelma,Dicki,C4lO0FyFyJCCaAf,Lacey.Bernier@yahoo.com,Fri Dec 12 1980 01:30:43 GMT+0300 (Eastern European Standard Time)
Eva,Cormier,ewL0hn9DkAfmoId,Lauretta_Boyer@yahoo.com,Thu Jan 17 1957 10:05:41 GMT+0300 (Eastern European Standard Time)
Ahmad,Schaefer,J2nKU2kpsK90sMT,Jadon_Windler@yahoo.com,Fri Nov 22 1974 06:26:42 GMT+0300 (Eastern European Standard Time)
Virginia,Bradtke,dNgfX_ot69coMCe,Eden.King8@gmail.com,Sun Oct 24 1976 13:53:08 GMT+0300 (Eastern European Standard Time)
Rex,Schroeder,o84RtOsFJk5ajRF,Patrick_Miller53@gmail.com,Tue Jan 09 1996 23:11:12 GMT+0200 (Eastern European Standard Time)
Jovany,Smitham,m9QSydJuZt3umXe,Addie_Satterfield@yahoo.com,Wed Apr 14 1999 15:13:53 GMT+0200 (Eastern European Summer Time)
Owen,DuBuque,xmq926B75591cZi,Jackeline_Metz78@hotmail.com,Sun Oct 30 1994 16:08:14 GMT+0200 (Eastern European Standard Time)
Mary,Bergnaum,LRCNHJQHb0szK9h,Anibal_Lakin12@hotmail.com,Wed Sep 08 1976 10:03:49 GMT+0300 (Eastern European Standard Time)
Geovany,Abernathy,YEl2lvkZFeIzM1o,Abdul.Ullrich@hotmail.com,Thu Jul 29 1982 13:18:50 GMT+0400 (Eastern European Summer Time)
Cecile,Volkman,BD6mvCsYYenVnwu,Cassandra.Hodkiewicz46@gmail.com,Sat May 17 1997 05:12:56 GMT+0300 (Eastern European Summer Time)
Elias,Berge,V5J__1A5xh74gRx,Kamille.Considine@hotmail.com,Mon Mar 25 1996 22:35:15 GMT+0200 (Eastern European Standard Time)
Merlin,Feeney,tz6pbqMTVDHZk19,Rahul.Bayer81@hotmail.com,Sun Dec 19 1982 21:57:51 GMT+0300 (Eastern European Standard Time)
Eudora,Watsica,ZzwBQL0YwrmcWEd,Muhammad88@gmail.com,Sat Feb 10 1990 23:23:38 GMT+0200 (Eastern European Standard Time)
Hildegard,Fadel,EyRU5kmDP1Ye9eI,Forest.Olson1@yahoo.com,Thu Feb 16 1984 00:07:37 GMT+0300 (Eastern European Standard Time)
Winona,Rempel,nKw3cQoc_14RMfU,Keely84@hotmail.com,Sat May 08 1965 22:34:27 GMT+0300 (Eastern European Summer Time)
Citlalli,West,iUrBlkQmiZ6h3JV,Golden_Medhurst@hotmail.com,Mon Jul 05 1999 20:24:43 GMT+0200 (Eastern European Summer Time)
Hanna,Boyer,29LpvBJ6SVtc1R9,Lisette_Klocko@gmail.com,Sun Aug 08 1976 22:49:43 GMT+0300 (Eastern European Standard Time)
Nikki,Effertz,hO4xU_TNiYbArRZ,Nasir70@hotmail.com,Thu Oct 31 1968 13:45:18 GMT+0300 (Eastern European Standard Time)
Melyna,Denesik,lAZTanP0eBZObLy,Karolann_Kuhic@gmail.com,Sat Feb 02 1946 04:43:36 GMT+0300 (Eastern European Standard Time)
Camden,Hammes,Ik6mshBL2GBkm6T,Stacey_Kerluke11@hotmail.com,Tue Jan 20 1987 14:41:34 GMT+0300 (Eastern European Standard Time)
Karelle,Bauch,ZWg4AMYLclW_meW,Domenica.Bernier66@hotmail.com,Sun Aug 08 1943 22:44:37 GMT+0200 (Eastern European Summer Time)
Destiney,Hessel,bHOlOs3dAvU9hAn,Nikita48@hotmail.com,Sat Feb 08 1958 09:24:07 GMT+0300 (Eastern European Standard Time)
Brown,Hackett,p6ed1OH5CT0gpja,Marcelo.Swift@gmail.com,Thu Oct 02 1975 06:01:24 GMT+0300 (Eastern European Standard Time)
Margaret,O'Kon,BR_x0JBbs5mCVKU,Eden_Cremin@gmail.com,Sat Mar 27 1965 14:56:00 GMT+0300 (Eastern European Standard Time)
Liam,Rath,QKeZGTVA9GC51XO,Estel_Klocko98@gmail.com,Thu Aug 17 1961 16:13:43 GMT+0300 (Eastern European Summer Time)
Aiden,Swift,GyCPe3P9_2S8hwd,Sienna_Koepp36@gmail.com,Mon Dec 06 1999 06:25:19 GMT+0200 (Eastern European Standard Time)
Fabiola,Prohaska,OCr_eLj5QYUnNY9,Merle_Stiedemann@hotmail.com,Mon Apr 19 1971 00:31:40 GMT+0300 (Eastern European Standard Time)
Sean,Johnson,G5JiF4nYUDvNj24,Lavina_Goodwin@hotmail.com,Sun May 09 1971 20:01:26 GMT+0300 (Eastern European Standard Time)
Isom,Murray,lLrTJZSd4rSWGMg,Orie.Mosciski74@hotmail.com,Tue Aug 14 1984 10:52:19 GMT+0400 (Eastern European Summer Time)
Kasey,Gutkowski,81i1eTxH8vF3pzS,Pete.Christiansen@gmail.com,Fri Mar 14 1975 07:07:46 GMT+0300 (Eastern European Standard Time)
Camilla,Harris,Ib8KlmJvZAPrUcp,Van0@yahoo.com,Sat Dec 07 1985 05:49:32 GMT+0300 (Eastern European Standard Time)
Evert,Hansen,BXhAoO2oZkwZPGz,Rebeca.Langosh@hotmail.com,Fri Jan 12 1996 22:57:49 GMT+0200 (Eastern European Standard Time)
Maximo,Haag,svcESRrfsfQx16D,Michael.Hamill@hotmail.com,Tue Jan 14 1958 02:20:13 GMT+0300 (Eastern European Standard Time)
Leopoldo,Hermann,STRTqe7Rgz_5rig,Wava_Thompson75@yahoo.com,Mon Mar 09 1964 02:30:51 GMT+0300 (Eastern European Standard Time)
Pink,Abernathy,ZKZIWum6gAEQoDZ,Jefferey_Kihn@gmail.com,Mon Nov 09 1964 17:58:04 GMT+0300 (Eastern European Standard Time)
Lamont,Franey,vnT1ziVBsLkgXv6,Clair1@hotmail.com,Thu Apr 22 1954 17:12:16 GMT+0300 (Eastern European Summer Time)
Laurel,Mayer,wj1LxbD7nXvYVUr,Delfina7@hotmail.com,Sun Oct 08 1972 16:51:37 GMT+0300 (Eastern European Standard Time)
Della,Hayes,upwio6xhMFUdoi0,Eric_Adams@hotmail.com,Thu Mar 07 1957 13:19:02 GMT+0300 (Eastern European Standard Time)
Alejandra,Kling,HzP0M81QhI_Bum4,Rosalind.Jones63@gmail.com,Fri May 26 1944 20:12:13 GMT+0200 (Eastern European Summer Time)
Jazlyn,Fisher,qaW2Cj0E8je0pFR,Brandon.Haag54@hotmail.com,Thu Sep 08 1983 16:48:35 GMT+0400 (Eastern European Summer Time)
Mya,Little,dpFgERRXZGfqx7W,Palma.Ziemann14@gmail.com,Fri Mar 27 1981 11:23:24 GMT+0300 (Eastern European Standard Time)
Rosina,Wyman,BLkNAmxroYUZphD,Sigmund_Gulgowski74@yahoo.com,Sat Aug 03 1991 19:46:20 GMT+0300 (Eastern European Summer Time)
Arvilla,Reichel,dfgs8vdpJpydpz4,Kaela.Ritchie16@yahoo.com,Tue Jul 23 1996 02:17:19 GMT+0300 (Eastern European Summer Time)
Jonathon,Stark,Zz7EXYMHPmGil9H,Buford.Dietrich@yahoo.com,Mon Aug 18 1975 03:31:33 GMT+0300 (Eastern European Standard Time)
Ola,Kilback,mVxfHzOwWf4r9qG,Alejandra9@yahoo.com,Fri Jun 26 1998 06:49:16 GMT+0200 (Eastern European Summer Time)
Mac,Medhurst,p3gteIz9GwuT12y,Demario.Kovacek@gmail.com,Sat Oct 29 1988 07:14:43 GMT+0300 (Eastern European Standard Time)
Dakota,Gleichner,8yMiuWQOMA6rVq1,Mathilde_Wyman69@yahoo.com,Sat Feb 04 1956 10:44:26 GMT+0300 (Eastern European Standard Time)
Dorris,Will,jZupImD42ZYMY1f,Macie99@gmail.com,Sat Jan 06 2001 21:57:44 GMT+0200 (Eastern European Standard Time)
Benton,Bahringer,g_Ayty7mkRTpn0I,Mose39@hotmail.com,Fri Jul 31 1981 01:49:29 GMT+0400 (Eastern European Summer Time)
Easton,Hayes,35tqAJ_gIGgUc_2,Libbie70@yahoo.com,Sat Oct 30 1976 04:04:52 GMT+0300 (Eastern European Standard Time)
Zack,Powlowski,9trerOMWUzEI3Ko,Delpha_Hand9@hotmail.com,Thu Apr 23 1964 06:54:00 GMT+0300 (Eastern European Summer Time)
Arden,Cremin,JJYRTcQay5SniOy,Ashtyn.Wisoky@gmail.com,Wed Apr 30 1952 00:08:16 GMT+0300 (Eastern European Summer Time)
Raheem,Hessel,kPYwhKCY3cC3NCG,Lon_Konopelski41@hotmail.com,Sat Jan 09 1999 01:13:42 GMT+0100 (Eastern European Standard Time)
Chaim,Cole,npx0wQJJH7_IaPI,Christop_Carter47@hotmail.com,Mon Oct 06 1947 19:14:41 GMT+0300 (Eastern European Summer Time)
Madelynn,Sauer,2Fu2TK5J44qOL40,Coleman1@hotmail.com,Wed Jul 26 1989 22:29:57 GMT+0300 (Eastern European Summer Time)
Rebekah,Schmitt,lVQaXOxORfSsPsp,Freddy.Durgan@hotmail.com,Wed Jun 08 1966 12:35:27 GMT+0300 (Eastern European Summer Time)
Brandi,Jones,7qsDUdN6evWJkQq,Chadd88@gmail.com,Fri Aug 01 1947 10:31:21 GMT+0300 (Eastern European Summer Time)
Wilma,Zboncak,waaSvXu7e4w9Hy3,Joanie.Nikolaus@hotmail.com,Wed Apr 16 1997 16:49:16 GMT+0300 (Eastern European Summer Time)
Keira,Stroman,a4w_wbYoZOXBCk1,Matilda60@yahoo.com,Sun Aug 24 1969 08:43:38 GMT+0300 (Eastern European Summer Time)
Deontae,Schroeder,kyp7FsTuMFCik2I,Patsy3@yahoo.com,Thu Oct 12 1967 04:45:21 GMT+0300 (Eastern European Summer Time)
Terrance,Kris,ob1UoPmpCCS70Ad,Sofia_Waelchi@hotmail.com,Tue Aug 26 1997 19:49:05 GMT+0300 (Eastern European Summer Time)
Caleb,Conn,B6qmTEdqTozU4Ds,Natalie23@gmail.com,Fri Jan 30 1998 03:34:48 GMT+0200 (Eastern European Standard Time)
Ayana,Reichel,8228gaxwofmVBwm,Terry13@yahoo.com,Tue Apr 25 1950 18:02:19 GMT+0300 (Eastern European Summer Time)
Eugene,Connelly,O1Ey6Bg9gXfLGwz,Mackenzie_Hamill69@yahoo.com,Tue Oct 22 1974 17:48:29 GMT+0300 (Eastern European Standard Time)
Edison,Aufderhar,WyPraJOtQxC73ee,Marcus.Kreiger@hotmail.com,Sat Jan 15 1983 14:56:33 GMT+0300 (Eastern European Standard Time)
Turner,Romaguera,BeDCVIeluNCeX2M,Curtis.Monahan97@yahoo.com,Wed Nov 04 1987 08:45:47 GMT+0300 (Eastern European Standard Time)
Lindsay,Hamill,GJ0FUH30VE1RRra,Lelia.Weber8@gmail.com,Mon Jul 28 1975 11:42:43 GMT+0300 (Eastern European Standard Time)
Elyse,Welch,thvh1tzIMoIsAy0,Miracle_Wisoky36@yahoo.com,Fri Oct 02 1942 11:05:11 GMT+0200 (Eastern European Summer Time)
Vilma,Mueller,KzrCQYNn2aJnnEo,Gillian.Witting81@gmail.com,Sun Apr 14 1963 14:17:57 GMT+0300 (Eastern European Summer Time)
Judd,Waelchi,dDAmEJhE2rMjMAi,Shemar17@hotmail.com,Thu Jan 14 1999 22:01:23 GMT+0100 (Eastern European Standard Time)
Marlon,Bailey,Orij0Ji_pxZk96o,Jasper.Quitzon@gmail.com,Sun May 08 1988 12:24:09 GMT+0400 (Eastern European Summer Time)
Nelda,Rempel,VAfdxclKIMZPTr3,Elenora37@yahoo.com,Wed Mar 29 1972 14:14:46 GMT+0300 (Eastern European Standard Time)
Golden,D'Amore,Yolt7hquOvIpHRx,Josianne0@yahoo.com,Sun Mar 04 1945 03:39:55 GMT+0300 (Eastern European Standard Time)
Kellie,Bartoletti,9AyjK8OD9gNv_wu,Rhoda.Cormier39@yahoo.com,Mon Jun 12 1989 09:17:23 GMT+0300 (Eastern European Summer Time)
Miles,Kautzer,sLomiG0zmnUtLJ6,Agustina.Wolf@yahoo.com,Sun Mar 28 1954 05:06:30 GMT+0300 (Eastern European Summer Time)
Axel,Bernier,k4pNejpd3G_fqtd,Jaida.Wolf@gmail.com,Fri Oct 19 2001 22:31:38 GMT+0200 (Eastern European Standard Time)
Audrey,Ernser,v7iJBGJ4gLBNxpW,Forest_Senger@gmail.com,Wed Jul 14 1971 01:59:35 GMT+0300 (Eastern European Standard Time)
Cristian,Casper,0n4xOhlTVpr_44_,Trent_Block@gmail.com,Fri Nov 24 1944 17:30:01 GMT+0300 (Eastern European Standard Time)
Mabelle,Gusikowski,fIjfwiZazpHRo6e,Meta_Block@gmail.com,Sun Nov 06 1966 23:23:26 GMT+0300 (Eastern European Standard Time)
Clara,Beahan,7A1F0QyOAEFmmT3,Sheldon_Schmidt97@yahoo.com,Sun May 29 1966 02:11:56 GMT+0300 (Eastern European Summer Time)
Felipa,McKenzie,lQmkLEYIqripFgK,Noe41@gmail.com,Mon Jul 05 1993 19:08:21 GMT+0300 (Eastern European Summer Time)
Annabelle,Huels,a3bk7FxQcj_19pv,Margarett48@gmail.com,Tue Nov 04 1958 09:48:46 GMT+0300 (Eastern European Standard Time)
Lucienne,Rice,eYBdgs4bZd_Smt9,Aurelia.Monahan@yahoo.com,Thu Sep 18 1958 15:36:11 GMT+0300 (Eastern European Summer Time)
Hobart,Bosco,8uRPvWw_yYM2KZM,Anjali11@yahoo.com,Mon Mar 25 1996 07:29:18 GMT+0200 (Eastern European Standard Time)
Neva,Weimann,n1LTJZPgHxctpIj,Haven_Nienow@yahoo.com,Wed Apr 23 1952 21:37:03 GMT+0300 (Eastern European Summer Time)
Myriam,Bartoletti,G0DN7MZyMqfz18A,Jacinto0@gmail.com,Mon Jun 30 2003 00:07:34 GMT+0300 (Eastern European Summer Time)
Jermain,Stark,tUShSTzYry1rFkd,Clotilde6@gmail.com,Sat Dec 02 1989 03:11:16 GMT+0200 (Eastern European Standard Time)
Reva,Reynolds,5MQDcXjA9d9Wo6Y,Maxie98@yahoo.com,Wed Oct 20 1954 00:26:52 GMT+0300 (Eastern European Summer Time)
Kellen,Walker,CfdqN3bNu4AvZ8s,Sadye.Rippin85@gmail.com,Sat Nov 25 2000 19:29:04 GMT+0200 (Eastern European Standard Time)
Danielle,Beier,rOXmrx2BDtqrXjx,Dimitri79@gmail.com,Sun Aug 03 1958 12:29:16 GMT+0300 (Eastern European Summer Time)
Carole,Satterfield,bJHPzni91nxVMed,Berneice_DAmore19@yahoo.com,Sat Aug 19 1995 03:38:48 GMT+0300 (Eastern European Summer Time)
Kariane,Little,ttwS8E8qdwYuFHI,Rossie.Runte54@hotmail.com,Fri Dec 01 1961 00:58:07 GMT+0300 (Eastern European Standard Time)
Cleta,Durgan,KRpYHOBWsGTPBo8,William.Farrell3@yahoo.com,Wed Sep 09 1953 11:59:04 GMT+0300 (Eastern European Summer Time)
Melyssa,Fisher,zBbI5kTGtrX654F,Cindy15@gmail.com,Fri Sep 25 1942 22:16:58 GMT+0200 (Eastern European Summer Time)
Anais,Pfannerstill,Ve86n111We7Yyd5,Pierce_McLaughlin55@gmail.com,Tue Feb 12 1946 04:17:09 GMT+0300 (Eastern European Standard Time)
Kaia,Konopelski,QxRrrVZNkIGZBnA,Jalen80@hotmail.com,Sun Oct 12 2003 18:49:34 GMT+0300 (Eastern European Summer Time)
Lloyd,Lowe,uyGoyOGdyY033YC,Rod_Deckow72@yahoo.com,Sat Sep 04 1971 13:14:14 GMT+0300 (Eastern European Standard Time)
Raphael,Ernser,7TBWaHai7gvF2VU,Kaitlyn.Farrell84@hotmail.com,Fri Mar 12 1948 16:06:30 GMT+0300 (Eastern European Standard Time)
Sabryna,Witting,uVQZjrKvr3FRPGj,Marisol60@yahoo.com,Fri Sep 28 1973 01:22:34 GMT+0300 (Eastern European Standard Time)
Kelton,Haley,L2KQ47sLf_sn6CW,Willis_OReilly59@yahoo.com,Sat Feb 03 1962 03:07:23 GMT+0300 (Eastern European Standard Time)
Ona,Romaguera,SauPxH9ArwEHCTQ,Isom_Rath@gmail.com,Mon Oct 17 1983 12:16:46 GMT+0300 (Eastern European Standard Time)
Cordell,Wolf,sboCnbP71jVEc_z,Cassandre.Hammes@gmail.com,Sun Jul 19 1959 21:44:16 GMT+0300 (Eastern European Summer Time)
Coty,Quitzon,eYTTUZjlWfY5Pp5,Braden_Cassin@hotmail.com,Mon May 31 1948 06:20:12 GMT+0300 (Eastern European Summer Time)
Euna,Jast,KmzCkm_ae4TMs8s,Luna71@hotmail.com,Tue May 03 1955 23:29:47 GMT+0300 (Eastern European Summer Time)
Jerel,Hudson,plgX9gYb8PZaQQp,Donald89@gmail.com,Thu Aug 19 1999 21:37:31 GMT+0200 (Eastern European Summer Time)
Monica,Marks,CtBQ03yWolKytEX,Whitney_Hayes@yahoo.com,Tue Mar 17 1942 15:38:59 GMT+0200 (Eastern European Standard Time)
Hortense,Strosin,XFasXQcbKvm0sQs,Dakota_Langosh@gmail.com,Sat Jan 01 1994 11:23:59 GMT+0200 (Eastern European Standard Time)
Connie,Borer,KTKgeyaxQUyDczN,Neha_Stanton43@gmail.com,Sun Apr 20 1958 20:27:35 GMT+0300 (Eastern European Summer Time)
Patricia,Sporer,8mxQ3Ms12fXG8u8,Elmore_Mayert26@yahoo.com,Thu Oct 10 1974 08:45:12 GMT+0300 (Eastern European Standard Time)
Zelda,Ledner,5lYwuocNpHDHGPH,Arnulfo1@yahoo.com,Thu May 12 1977 11:27:54 GMT+0300 (Eastern European Standard Time)
Allison,Smith,QZGIvP_I12WpQNp,Aiyana15@gmail.com,Wed Mar 02 1949 04:00:13 GMT+0300 (Eastern European Standard Time)
William,Kunde,KxN5CfuJbZvU3yV,Florian.Lueilwitz95@yahoo.com,Fri Apr 17 1998 16:08:03 GMT+0200 (Eastern European Summer Time)
Joshuah,Wilkinson,x02tWNajHhYeDO_,Alanis22@hotmail.com,Wed Dec 12 2001 11:02:28 GMT+0200 (Eastern European Standard Time)
Earlene,Weissnat,0w7wPUsBoph8e3w,Ivy57@gmail.com,Sat Nov 28 1964 18:43:34 GMT+0300 (Eastern European Standard Time)
Yasmeen,Hand,JkERCM7dKlWhxgW,Sydni.Farrell62@gmail.com,Thu Feb 02 1989 19:29:15 GMT+0300 (Eastern European Standard Time)
Sedrick,Hudson,Zdm0CBW9snWX4X_,Johnny19@yahoo.com,Sun Sep 17 1995 19:50:20 GMT+0300 (Eastern European Summer Time)
Selina,Predovic,L_3f5ypoiP_fDRR,Emmalee_Nitzsche17@hotmail.com,Fri Aug 07 1942 05:45:17 GMT+0200 (Eastern European Summer Time)
Sadye,Maggio,zjmMii7s8tFjWGv,Faye_Glover10@yahoo.com,Thu Dec 07 1995 21:20:09 GMT+0200 (Eastern European Standard Time)
Cristal,Okuneva,uOFAMiptombvaqr,Brain.Deckow@hotmail.com,Mon Apr 10 1944 06:33:47 GMT+0200 (Eastern European Summer Time)
Finn,Homenick,7T2OBKuKLTUcG_k,Aylin61@hotmail.com,Wed Sep 15 1954 20:29:05 GMT+0300 (Eastern European Summer Time)
Lauriane,McGlynn,KajZM3_63cq4bTj,Luciano_Cremin@yahoo.com,Wed Sep 20 1961 20:23:10 GMT+0300 (Eastern European Summer Time)
Vaughn,Schowalter,SGp9dG9U6l3odjk,Antonette_King91@hotmail.com,Sun Dec 10 1967 18:09:26 GMT+0300 (Eastern European Standard Time)
Cyrus,Nolan,dv5KRcAESEqybLT,Vince61@yahoo.com,Wed Oct 02 1996 07:19:18 GMT+0300 (Eastern European Summer Time)
Anya,O'Hara,w8oi1PLSLfttiAq,Marilie72@gmail.com,Wed Mar 13 1946 16:52:00 GMT+0300 (Eastern European Standard Time)
Peter,Collier,5O8ZaFhRptaU_dm,Tate_Simonis93@hotmail.com,Sat Jul 06 1974 16:41:43 GMT+0300 (Eastern European Standard Time)
Ariane,Walter,URCpCS1aszW8VAi,Cordell_Lynch@hotmail.com,Sat May 23 1953 11:58:38 GMT+0300 (Eastern European Summer Time)
Amanda,Jacobson,89UxbfHip4o2t9f,Donnell66@gmail.com,Sat Apr 23 1955 03:42:21 GMT+0300 (Eastern European Summer Time)
Ursula,Mohr,9Lzkj2p6uhh1TdP,Augustine_Ritchie56@gmail.com,Thu Mar 04 1982 06:26:09 GMT+0300 (Eastern European Standard Time)
Rosie,Bailey,t9LmB9CIqvQ3CzN,Harvey_Gislason@yahoo.com,Sun Oct 26 2003 20:38:25 GMT+0200 (Eastern European Standard Time)
Clinton,Stracke,D8tLxTfR8M_BiQm,Alexandra.Bergnaum19@gmail.com,Sat Feb 28 1953 01:40:25 GMT+0300 (Eastern European Standard Time)
Kaylee,Adams,Zf21OjTSgK7K_mC,Tavares.Reilly60@hotmail.com,Tue Jan 20 2004 06:14:48 GMT+0200 (Eastern European Standard Time)
Cortney,Shanahan,VZ6709gsyTYPKSq,Ofelia_Kilback@gmail.com,Sat Mar 13 1976 08:31:38 GMT+0300 (Eastern European Standard Time)
Karl,Gorczany,8tn2uDqbW3JJu5g,Janelle_Sawayn@yahoo.com,Wed Jun 01 1955 02:16:46 GMT+0300 (Eastern European Summer Time)
Alexandre,Torp,WnoSSkkxJ5yIYn7,Ike_Mraz@gmail.com,Tue Sep 11 1956 17:44:06 GMT+0300 (Eastern European Summer Time)
Ana,Swaniawski,XSMz61t76d_WEI_,Fermin_Dickens@yahoo.com,Tue Dec 13 1994 09:44:52 GMT+0200 (Eastern European Standard Time)
Jillian,Corkery,P6MT1Q5Qzv1D05s,Guiseppe.Reinger87@hotmail.com,Tue Jan 30 1973 01:47:16 GMT+0300 (Eastern European Standard Time)
Darrell,Senger,6r1nr3qo2t9scTP,Maya.Corwin45@yahoo.com,Sat Nov 05 1960 23:53:31 GMT+0300 (Eastern European Standard Time)
Bessie,Skiles,Mcz8liSt6_oI4Ef,Carlotta.Bahringer@yahoo.com,Sun May 20 1973 03:59:54 GMT+0300 (Eastern European Standard Time)
Peyton,Stracke,8o_Vh0wYXsD8rih,Dino.Dickinson@yahoo.com,Fri Sep 04 1987 14:35:41 GMT+0400 (Eastern European Summer Time)
Hope,Collins,QBTyAjY5IVKLZPb,Amely.Swaniawski67@yahoo.com,Wed Dec 01 1971 06:32:58 GMT+0300 (Eastern European Standard Time)
Antonia,Roberts,zM3QcJiElNVpIVl,Catharine_Kertzmann8@yahoo.com,Sat Aug 10 1985 12:53:29 GMT+0400 (Eastern European Summer Time)
Jessika,Russel,qcZ_2ivZLfyqO32,George.Lubowitz@gmail.com,Thu Apr 15 1993 03:39:42 GMT+0300 (Eastern European Summer Time)
Skye,Reinger,6mXSFYoHMIZT3kK,Teresa_Sporer@yahoo.com,Tue May 19 1992 17:50:41 GMT+0300 (Eastern European Summer Time)
Annabell,Bailey,skNPser1OhBDLqf,Missouri_Blanda@hotmail.com,Mon Jul 09 1956 12:52:25 GMT+0300 (Eastern European Summer Time)
Ona,Pacocha,c8adIkywpwpL0y1,Eva.Beier23@hotmail.com,Thu Feb 10 1944 13:42:50 GMT+0100 (Eastern European Standard Time)
Zackary,Runolfsdottir,hl1LpdaAmnpEF4m,Oral70@hotmail.com,Sat Jun 29 1957 01:42:43 GMT+0300 (Eastern European Summer Time)
Nicholas,Weber,2KczJvEnsEBBejP,Joshua18@gmail.com,Thu Jan 31 1957 03:44:58 GMT+0300 (Eastern European Standard Time)
Gabrielle,Rowe,uKGU1mf5Oj2FJCH,Delmer9@hotmail.com,Tue Oct 27 1970 16:54:11 GMT+0300 (Eastern European Standard Time)
Savanna,Green,Iz2gkb9OiGuMctJ,Terry.Macejkovic33@hotmail.com,Tue Apr 14 1998 08:41:39 GMT+0200 (Eastern European Summer Time)
Faye,Zemlak,Qymim38m4Pwb0Cx,Elena.Waelchi@yahoo.com,Fri Nov 06 1953 22:41:52 GMT+0300 (Eastern European Standard Time)
Kendall,Oberbrunner,Q_dg_jEoU55CiAz,Lizzie_Flatley@hotmail.com,Sat Dec 06 1952 23:29:05 GMT+0300 (Eastern European Standard Time)
Buford,Barrows,2f09CR8kUTGI4dR,Letitia.Gerhold45@hotmail.com,Tue Jan 04 2000 11:13:45 GMT+0200 (Eastern European Standard Time)
Lonzo,Hintz,utCwkIMzdN7Pq8Z,Grover.Schmeler@hotmail.com,Fri May 25 1962 17:42:15 GMT+0300 (Eastern European Summer Time)
Ivah,O'Reilly,ove_54rKvKKW8oG,Andrew_King42@gmail.com,Fri Nov 27 1942 12:48:08 GMT+0100 (Eastern European Standard Time)
Kip,Hintz,qDeXRmnsTjapWQS,Abdiel12@gmail.com,Tue Jan 17 1984 06:45:54 GMT+0300 (Eastern European Standard Time)
Adriana,Gerhold,5cvegFeej4ZWf7N,Cortez.Hartmann65@hotmail.com,Sat Apr 19 1952 08:09:32 GMT+0300 (Eastern European Summer Time)
Aidan,Goodwin,GT_fvr6ei99Sw1f,Michelle_Kiehn@hotmail.com,Wed Sep 17 1975 20:03:49 GMT+0300 (Eastern European Standard Time)
Myrtle,Hahn,1XC67Sb6FNEonCA,Arch91@yahoo.com,Fri May 11 1979 01:24:09 GMT+0300 (Eastern European Standard Time)
Antonio,Cartwright,87I9pV8Q6g075AS,Polly71@yahoo.com,Thu Feb 09 1984 07:58:52 GMT+0300 (Eastern European Standard Time)
Minnie,Heller,9SllkNEuh0SnIgr,Cassidy71@hotmail.com,Fri Feb 17 1995 15:06:39 GMT+0200 (Eastern European Standard Time)
Aubrey,Johnson,PbHM0PrMR_tSB01,Alysson18@yahoo.com,Sat Jan 17 1959 06:31:13 GMT+0300 (Eastern European Standard Time)
Lexus,Hyatt,Tc6MKk4pjroyRsM,Clay.Wuckert53@hotmail.com,Wed Mar 30 1966 01:08:30 GMT+0300 (Eastern European Summer Time)
Jeff,Lang,pTkRe2Si7e_e1aU,Jacey40@hotmail.com,Tue Dec 17 1968 23:28:59 GMT+0300 (Eastern European Standard Time)
Freddie,Lang,LvvU2VPatsneHHN,Krystel23@yahoo.com,Sat Sep 08 2001 08:49:07 GMT+0200 (Eastern European Standard Time)
Akeem,Hessel,C8RUqNOrw1IwFdB,Marisol_Roberts@yahoo.com,Tue Jul 20 2004 13:43:15 GMT+0300 (Eastern European Summer Time)
Antonia,Barton,vzq2oN4G3M1TUt1,Luna.Kohler10@hotmail.com,Wed Sep 10 1986 15:44:49 GMT+0400 (Eastern European Summer Time)
Ambrose,Huels,IHNLm0qKGXeRhEU,Marisol64@yahoo.com,Wed Nov 05 1975 13:51:53 GMT+0300 (Eastern European Standard Time)
Libbie,Lockman,9UfcySXFVLIQhMH,Lue_Larson@yahoo.com,Fri Dec 23 1977 19:56:54 GMT+0300 (Eastern European Standard Time)
Sierra,Ernser,n61nH9ixWNUJYZd,Alejandrin_Waelchi@gmail.com,Mon Sep 04 1995 13:44:15 GMT+0300 (Eastern European Summer Time)
Morgan,Abbott,S5ag2H1zIXr8jC0,Elody_Effertz36@yahoo.com,Tue Sep 21 1999 16:45:52 GMT+0200 (Eastern European Summer Time)
Gloria,Auer,JAPal32lc0UvB6F,Addie27@yahoo.com,Fri Dec 04 1970 07:45:25 GMT+0300 (Eastern European Standard Time)
Elton,Johnson,52VfBq6xZ_D4Y7r,Erna90@yahoo.com,Fri Oct 25 1991 17:36:16 GMT+0200 (Eastern European Standard Time)
Elijah,Carter,_IXfMD8JgR0jbxF,Nasir_Conroy@yahoo.com,Fri Sep 04 1959 22:47:44 GMT+0300 (Eastern European Summer Time)
Orin,Conroy,SrghEqSoDUZltwf,Nova97@yahoo.com,Tue Apr 05 1994 19:00:57 GMT+0300 (Eastern European Summer Time)
Dawson,Morissette,zhQO6AEQ4REFLUc,Jay_Herman77@yahoo.com,Wed Nov 20 1985 23:26:57 GMT+0300 (Eastern European Standard Time)
Garnett,Kutch,bvRxEXh1e2MEtif,Russel90@yahoo.com,Tue Oct 16 1973 19:01:09 GMT+0300 (Eastern European Standard Time)
Karelle,Schowalter,XWNke2pd_zEXvVn,Cleo_Beer92@yahoo.com,Tue Jun 14 1994 22:54:26 GMT+0300 (Eastern European Summer Time)
Dayton,Schuster,r_eBYwrh_Yf6nk4,Gilda56@yahoo.com,Sat Sep 13 1997 21:33:30 GMT+0300 (Eastern European Summer Time)
Liza,Feil,bIuxz8X2T5_LMJh,Alivia.Weber@hotmail.com,Wed Jun 26 1963 20:14:46 GMT+0300 (Eastern European Summer Time)
Ned,Hilll,poY3v66JBrT4eOU,Jedidiah.Fisher@yahoo.com,Fri Jan 28 2000 00:25:51 GMT+0200 (Eastern European Standard Time)
Unique,Rice,08Zwrl5tEHD8K2z,Donna.Armstrong55@hotmail.com,Tue Jun 22 1948 08:15:31 GMT+0300 (Eastern European Summer Time)
Max,Fritsch,qAfnkwEN0ViWBTJ,Rupert.Tillman30@hotmail.com,Fri Aug 17 1984 15:07:16 GMT+0400 (Eastern European Summer Time)
Wyatt,McGlynn,IQEv1hiBOjoD9ab,Joseph_Blick45@yahoo.com,Thu Sep 08 1966 05:47:07 GMT+0300 (Eastern European Summer Time)
Mariane,Ryan,kTYujPDMu7hXOCV,Randi87@yahoo.com,Fri Jul 16 1971 12:38:59 GMT+0300 (Eastern European Standard Time)
Laurence,Powlowski,5HM8xjFMKKiJF8g,Novella.Walker@hotmail.com,Fri Dec 24 1982 10:54:50 GMT+0300 (Eastern European Standard Time)
Newton,Conroy,m3b5QIGbREAmg5N,Chaya_Grant42@gmail.com,Mon Sep 02 1991 05:29:01 GMT+0300 (Eastern European Summer Time)
Darron,Sporer,qxFyHfxFF2xOcD4,Charlene.Dickinson@yahoo.com,Thu Mar 08 1945 06:16:08 GMT+0300 (Eastern European Standard Time)
Uriel,Aufderhar,gRJSek_MHCfNgGC,Dalton.Beier49@yahoo.com,Sun Feb 28 1971 14:10:35 GMT+0300 (Eastern European Standard Time)
Edison,Hand,Lu0_BCwO_RyJQis,Clay_Schaden62@hotmail.com,Fri Jun 09 1995 12:23:16 GMT+0300 (Eastern European Summer Time)
Ulises,Quitzon,rzJ9c8TsTT3JZut,Arch_Roob82@gmail.com,Sun Jan 04 1970 04:03:03 GMT+0300 (Eastern European Standard Time)
Floyd,Hauck,jn72N8KjMh6gR1u,Gracie40@gmail.com,Sat Oct 05 1957 09:30:32 GMT+0300 (Eastern European Summer Time)
Maximo,Stiedemann,wJ6QqVUyARW6pNX,Elmo_Franecki@hotmail.com,Mon Jun 02 1969 23:38:58 GMT+0300 (Eastern European Summer Time)
Valentine,Champlin,1uYe5TyoQQHNlAP,Roy99@yahoo.com,Mon Mar 07 1960 21:27:47 GMT+0300 (Eastern European Standard Time)
Giovani,Zboncak,FPxwvn5dGBIjdAo,Granville95@hotmail.com,Sat Feb 26 1994 17:22:44 GMT+0200 (Eastern European Standard Time)
Esteban,Ward,fNaSl_01ePC0GzU,Jaylen.Bartoletti@gmail.com,Fri Apr 25 2003 11:11:02 GMT+0300 (Eastern European Summer Time)
Larry,Mraz,gU7xNMG8CVBbWje,Nicholas41@yahoo.com,Sun Dec 06 1998 11:08:09 GMT+0100 (Eastern European Standard Time)
Baby,Kutch,gpbfxLWlMvud1wP,Gudrun_Kuhn@gmail.com,Tue Aug 19 1969 04:56:59 GMT+0300 (Eastern European Summer Time)
Mateo,Wiza,snN3ChlMDNpOv4U,Florian.Weissnat@yahoo.com,Fri May 09 1952 13:21:40 GMT+0300 (Eastern European Summer Time)
Electa,Emard,Sw4gJqoF01z0U25,Michael_Wuckert80@yahoo.com,Sun Aug 21 1949 03:20:03 GMT+0300 (Eastern European Summer Time)
Napoleon,Von,ZDfpqr8ld9C_l3h,Allen54@hotmail.com,Wed Dec 08 1993 05:05:30 GMT+0200 (Eastern European Standard Time)
Beryl,Padberg,GlXvBzzaLsOO7k8,Emerald82@gmail.com,Wed Oct 23 1963 17:28:13 GMT+0300 (Eastern European Summer Time)
Jason,Hermiston,rm7AEmv4dh1OiXu,Anabelle.Abbott48@hotmail.com,Mon Sep 24 2001 02:38:06 GMT+0200 (Eastern European Standard Time)
Millie,Gislason,e4tZkW0ljsW1hAp,Raven38@yahoo.com,Wed Jul 19 1961 11:04:50 GMT+0300 (Eastern European Summer Time)
Curtis,Jenkins,CkibldkdcREl00A,Deonte.Smitham@yahoo.com,Sun Aug 05 1979 07:09:07 GMT+0300 (Eastern European Standard Time)
Elza,Kovacek,nRo9h_sgSObb6wy,Mariela89@hotmail.com,Sat Aug 31 1991 04:59:13 GMT+0300 (Eastern European Summer Time)
Milford,Hahn,bcBlb0QKU0hL_Cv,Alfred_Dickinson@yahoo.com,Mon Sep 09 1991 12:47:33 GMT+0300 (Eastern European Summer Time)
Sarah,Howe,jqoRGgtg96gfNgS,Shanon_Herman@hotmail.com,Thu Jul 30 1959 00:44:03 GMT+0300 (Eastern European Summer Time)
Skyla,Sauer,G2odCH2jhJ6aTJM,Rossie5@hotmail.com,Wed Jul 20 1955 03:05:43 GMT+0300 (Eastern European Summer Time)
Edwina,Schiller,ETZGLQtHcWfeUzV,Nannie99@hotmail.com,Tue Apr 12 1966 14:57:50 GMT+0300 (Eastern European Summer Time)
Jana,Parker,jAZTxidEbd9FVej,Deon_Klocko@yahoo.com,Mon Jan 29 2001 19:25:34 GMT+0200 (Eastern European Standard Time)
Zula,Dicki,Z_hoZaivy_Ugrg_,Foster_Littel@yahoo.com,Wed Jun 30 1954 08:37:41 GMT+0300 (Eastern European Summer Time)
Florencio,Breitenberg,4SNyqNUGthjqgcV,Grady.Kunze56@yahoo.com,Tue Jul 26 1966 14:41:06 GMT+0300 (Eastern European Summer Time)
Linda,Cremin,Spb7etaargTGglz,Alfred.Zulauf20@yahoo.com,Sun Nov 20 1977 01:08:25 GMT+0300 (Eastern European Standard Time)
Gertrude,Kohler,zOImN95F4oHatjb,Janelle38@yahoo.com,Tue Sep 08 1987 20:34:49 GMT+0400 (Eastern European Summer Time)
Clara,Kulas,8YA9ucZU6PjoFtN,Bill_Stroman62@yahoo.com,Wed Mar 22 1972 11:45:57 GMT+0300 (Eastern European Standard Time)
Reagan,Kub,8qMKdQJhuLmi7MW,Kariane96@hotmail.com,Sat Dec 12 1970 19:10:53 GMT+0300 (Eastern European Standard Time)
Edmund,Hammes,59QB5HX1fFZoI45,Elisabeth.Williamson37@yahoo.com,Sat Apr 04 1981 06:49:02 GMT+0400 (Eastern European Summer Time)
Rodrick,Zulauf,0RE5BZExGA4ZeOt,Jerald.Bogisich@hotmail.com,Tue Jul 05 1949 16:38:38 GMT+0300 (Eastern European Summer Time)
Enid,Barton,7zzABDbqEa6JjvM,Ryann_Hagenes@hotmail.com,Tue Jan 16 1945 05:31:02 GMT+0300 (Eastern European Standard Time)
Jewel,Blanda,ZkBJMd5keat60xH,Noemy.Kuhlman1@gmail.com,Thu Oct 29 1953 16:32:04 GMT+0300 (Eastern European Standard Time)
Annetta,Heaney,Hq4DSqqAF2gFCHk,Osborne.Robel98@hotmail.com,Wed Dec 01 1999 15:19:23 GMT+0200 (Eastern European Standard Time)
Madonna,Schulist,Tb2jb6lzEqmNvHA,Rahul_Wilkinson29@gmail.com,Sun Jun 15 1980 01:45:12 GMT+0300 (Eastern European Standard Time)
Beverly,Bashirian,bWEBIIRXMl6QbZ3,Jensen29@yahoo.com,Sun Nov 09 1986 01:26:22 GMT+0300 (Eastern European Standard Time)
Jada,Batz,AxJgiai5TFtoi5M,Armani_Durgan@hotmail.com,Thu Jan 02 1997 00:29:00 GMT+0200 (Eastern European Standard Time)
Carson,Hammes,MmatDwMXkUzGyB8,Griffin23@gmail.com,Wed Feb 24 1988 19:08:54 GMT+0300 (Eastern European Standard Time)
Fermin,Rowe,50RYDd8GHBi_JO5,Edison_Kuhn@gmail.com,Mon Nov 17 1958 00:39:46 GMT+0300 (Eastern European Standard Time)
Guiseppe,Walsh,NB0kvYL49rKCXCz,Ernesto45@gmail.com,Mon Aug 15 1955 09:30:56 GMT+0300 (Eastern European Summer Time)
